question,parameter
EFSA-Q-2021-00079,Appearance
EFSA-Q-2021-00079,Identity/IR
EFSA-Q-2021-00079,Water
EFSA-Q-2021-00079,Residual solvents
EFSA-Q-2021-00079,Ethanol(Residual solvents)
EFSA-Q-2021-00079,Isopropanol(Residual solvents)
EFSA-Q-2021-00079,Cations
EFSA-Q-2021-00079,Identity retention time Sodium(Cations)
EFSA-Q-2021-00079,Assay Sodium(Cations)
EFSA-Q-2021-00079,Elemental impurities
EFSA-Q-2021-00079,Boron(Elemental impurities)
EFSA-Q-2021-00079,Platinum(Elemental impurities)
EFSA-Q-2021-00079,Arsenic(Elemental impurities)
EFSA-Q-2021-00079,Cadmium(Elemental impurities)
EFSA-Q-2021-00079,Lead(Elemental impurities)
EFSA-Q-2021-00079,Mercury(Elemental impurities)
EFSA-Q-2021-00079,"Assay , related compounds"
EFSA-Q-2021-00079,Assay 5-MeTHFA-Na on dry basis
EFSA-Q-2021-00079,Identity retention time Mefolinate
EFSA-Q-2021-00079,Sum of folate related substances
EFSA-Q-2021-00079,Diastereomeric purity
EFSA-Q-2021-00079,(6R)-Mefolinate(Diastereomeric purity)
EFSA-Q-2021-00079,Microbiological contaminants
EFSA-Q-2021-00079,Total aerobic microbial count(Microbiological contaminants)
EFSA-Q-2021-00079,Total yeast and moulds count(Microbiological contaminants)
EFSA-Q-2021-00079,E. coli(Microbiological contaminants)
EFSA-Q-2010-00127,Appearance
EFSA-Q-2010-00127,Residual (bound) phosphorus
EFSA-Q-2010-00127,Loss on drying (moisture content)
EFSA-Q-2010-00127,Arsenic(Heavy metals)
EFSA-Q-2010-00127,Lead(Heavy metals)
EFSA-Q-2010-00127,Mercury(Heavy metals)
EFSA-Q-2010-00127,pH
EFSA-Q-2010-00127,Sulphur dioxide
EFSA-Q-2010-00127,Carbohydrate
EFSA-Q-2010-00127,Starch
EFSA-Q-2010-00127,Sugar
EFSA-Q-2010-00127,Protein
EFSA-Q-2010-00127,Fat
EFSA-Q-2010-00127,Saturated
EFSA-Q-2010-00127,Cholesterol
EFSA-Q-2010-00127,Energy (caloric value)
EFSA-Q-2010-00127,Total dietary Fibre
EFSA-Q-2010-00127,Total viable count (TVC)(Microbiological Specifications)
EFSA-Q-2010-00127,Yeasts(Microbiological Specifications)
EFSA-Q-2010-00127,Moulds(Microbiological Specifications)
EFSA-Q-2010-00127,Escherichia coli(Microbiological Specifications)
EFSA-Q-2010-00127,Salmonella(Microbiological Specifications)
EFSA-Q-2018-00769,Total chromium
EFSA-Q-2018-00769,Chromium (VI)
EFSA-Q-2018-00769,Protein
EFSA-Q-2018-00769,Dietary fibre
EFSA-Q-2018-00769,Sugars
EFSA-Q-2018-00769,Fat
EFSA-Q-2018-00769,Ash
EFSA-Q-2018-00769,Water
EFSA-Q-2018-00769,Dry matter
EFSA-Q-2018-00769,Lead(Heavy metals)
EFSA-Q-2018-00769,Cadmium(Heavy metals)
EFSA-Q-2018-00769,Mercury(Heavy metals)
EFSA-Q-2018-00769,TAMC(Microbiological)
EFSA-Q-2018-00769,TYMC(Microbiological)
EFSA-Q-2018-00769,Viable Yarrowia
EFSA-Q-2018-00769,Coliforms(Microbiological)
EFSA-Q-2018-00769,Salmonella spp.
EFSA-Q-2008-697,Solubility (1 % in chloroform)
EFSA-Q-2008-697,Identification (spectrometry: max in hexane)
EFSA-Q-2008-697,Assay
EFSA-Q-2008-697,Total lycopene
EFSA-Q-2008-697,Trans-lycopene
EFSA-Q-2008-697,Subsidiary colouring matters
EFSA-Q-2008-697,Sulphated ash
EFSA-Q-2008-697,Loss on drying (%)
EFSA-Q-2008-697,Imidazole
EFSA-Q-2008-697,Isopropanol
EFSA-Q-2016-00518,Phlorotannin
EFSA-Q-2016-00518,Dieckol
EFSA-Q-2016-00518,Area Ratio BE cluster to Dieckol
EFSA-Q-2016-00518,Antioxidant activity
EFSA-Q-2016-00518,Moisture content
EFSA-Q-2016-00518,Ash
EFSA-Q-2016-00518,Insoluble substances
EFSA-Q-2016-00518,Substances not originating from
EFSA-Q-2016-00518,E. cava
EFSA-Q-2016-00518,Appearance
EFSA-Q-2016-00518,Unpleasant odour or taste
EFSA-Q-2016-00518,Viable cell count
EFSA-Q-2016-00518,Staphylococcus aureus
EFSA-Q-2016-00518,Moulds and yeasts
EFSA-Q-2016-00518,Salmonella ssp.
EFSA-Q-2016-00518,Coliforms
EFSA-Q-2018-00685,Physical-sensorial
EFSA-Q-2018-00685,Particle size
EFSA-Q-2018-00685,Foreign matter
EFSA-Q-2018-00685,Colour
EFSA-Q-2018-00685,Chemical
EFSA-Q-2018-00685,Moisture
EFSA-Q-2018-00685,Protein
EFSA-Q-2018-00685,Fat
EFSA-Q-2018-00685,Fibre
EFSA-Q-2018-00685,Microbiology
EFSA-Q-2018-00685,Total plate count
EFSA-Q-2018-00685,Yeasts
EFSA-Q-2018-00685,Moulds
EFSA-Q-2018-00685,Staphylococcus aureus
EFSA-Q-2018-00685,Coliforms
EFSA-Q-2018-00685,Enterobacteriaceae
EFSA-Q-2018-00685,Bacillus cereus
EFSA-Q-2018-00685,Escherichia coli
EFSA-Q-2018-00685,Listeria monocytogenes
EFSA-Q-2018-00685,Salmonella
EFSA-Q-2018-00685,Contaminants
EFSA-Q-2018-00685,Arsenic(Contaminants)
EFSA-Q-2018-00685,Cadmium(Contaminants)
EFSA-Q-2018-00685,Lead(Contaminants)
EFSA-Q-2018-00685,Mercury(Contaminants)
EFSA-Q-2018-00685,Total aflatoxins(Contaminants)
EFSA-Q-2018-00685,Ochratoxin A(Contaminants)
EFSA-Q-2019-00748,Appearance
EFSA-Q-2019-00748,a w
EFSA-Q-2019-00748,Peroxide value
EFSA-Q-2019-00748,p-anisidine value
EFSA-Q-2019-00748,Moisture
EFSA-Q-2019-00748,Ash
EFSA-Q-2019-00748,Crude protein
EFSA-Q-2019-00748,Total carbohydrates
EFSA-Q-2019-00748,Dietary fibre
EFSA-Q-2019-00748,Chitin
EFSA-Q-2019-00748,Fat
EFSA-Q-2019-00748,Vitamin D3
EFSA-Q-2019-00748,Copper
EFSA-Q-2019-00748,Manganese
EFSA-Q-2019-00748,Lead
EFSA-Q-2019-00748,Cadmium
EFSA-Q-2019-00748,Mercury
EFSA-Q-2019-00748,Arsenic
EFSA-Q-2019-00748,Bacillus cereus(Microbiological)
EFSA-Q-2019-00748,Clostridium perfringens(Microbiological)
EFSA-Q-2019-00748,b-Glucuronidase-positive Escherichia coli(Microbiological)
EFSA-Q-2019-00748,Aerobic mesophilic bacteria(Microbiological)
EFSA-Q-2019-00748,Listeria monocytogenes(Microbiological)
EFSA-Q-2019-00748,Yeasts and moulds(Microbiological)
EFSA-Q-2019-00748,Enterobacteriaceae(Microbiological)
EFSA-Q-2019-00748,Coagulase-positive staphylococci(Microbiological)
EFSA-Q-2019-00748,Sulfite-reducing anaerobes(Microbiological)
EFSA-Q-2019-00748,Salmonella spp.(Microbiological)
EFSA-Q-2019-00748,Aflatoxin B1(Mycotoxins)
EFSA-Q-2019-00748,Aflatoxin B2(Mycotoxins)
EFSA-Q-2019-00748,Aflatoxin G1(Mycotoxins)
EFSA-Q-2019-00748,Aflatoxin G2(Mycotoxins)
EFSA-Q-2019-00748,"Aflatoxin (Sum of B1 + B2, G1 + G2)(Mycotoxins)"
EFSA-Q-2019-00748,Fumonisin B1 + B2 (Mycotoxins)
EFSA-Q-2019-00748,Ochratoxin A(Mycotoxins)
EFSA-Q-2019-00748,Deoxynivalenol(Mycotoxins)
EFSA-Q-2019-00748,Zearalenone(Mycotoxins)
EFSA-Q-2016-00287,Physical appearance
EFSA-Q-2016-00287,Colour
EFSA-Q-2016-00287,Betaine
EFSA-Q-2016-00287,Moisture
EFSA-Q-2016-00287,Ash
EFSA-Q-2016-00287,Chloride
EFSA-Q-2016-00287,Sulfate
EFSA-Q-2016-00287,pH
EFSA-Q-2016-00287,Ethanol
EFSA-Q-2016-00287,Residual proteins
EFSA-Q-2016-00287,Arsenic(Heavy metals)
EFSA-Q-2016-00287,Lead(Heavy metals)
EFSA-Q-2016-00287,Iron(Heavy metals)
EFSA-Q-2016-00287,Cadmium(Heavy metals)
EFSA-Q-2016-00287,Selenium(Heavy metals)
EFSA-Q-2016-00287,Mercury(Heavy metals)
EFSA-Q-2016-00287,Microbiological count
EFSA-Q-2016-00287,Total viable count
EFSA-Q-2016-00287,Yeast
EFSA-Q-2016-00287,Mould
EFSA-Q-2016-00287,Coliforms
EFSA-Q-2016-00287,Salmonella
EFSA-Q-2019-00695,Moisture
EFSA-Q-2019-00695,Protein (N 9 6.25)
EFSA-Q-2019-00695,Ash
EFSA-Q-2019-00695,Fat
EFSA-Q-2019-00695,Total fibre
EFSA-Q-2019-00695,Beta-carotene
EFSA-Q-2019-00695,Phylloquinone
EFSA-Q-2019-00695,Folic acid
EFSA-Q-2019-00695,Copper
EFSA-Q-2019-00695,Zinc
EFSA-Q-2019-00695,Iron
EFSA-Q-2019-00695,Manganese
EFSA-Q-2019-00695,Molybdenum
EFSA-Q-2019-00695,Boron
EFSA-Q-2019-00695,Oxalic acid
EFSA-Q-2019-00759,Loss on drying
EFSA-Q-2019-00759,Total triterpenoids
EFSA-Q-2019-00759,Antroquinonol
EFSA-Q-2019-00759,Total carbohydrates
EFSA-Q-2019-00759,Protein
EFSA-Q-2019-00759,Ash
EFSA-Q-2019-00759,Fat
EFSA-Q-2019-00759,TAMC
EFSA-Q-2019-00759,TYMC
EFSA-Q-2019-00759,E. coli
EFSA-Q-2019-00759,Salmonella
EFSA-Q-2015-00294,Nattokinase activity
EFSA-Q-2015-00294,Identity
EFSA-Q-2015-00294,Condition
EFSA-Q-2015-00294,Loss on drying
EFSA-Q-2015-00294,Vitamin K 2
EFSA-Q-2015-00294,Heavy metals
EFSA-Q-2015-00294,Lead(Heavy metals)
EFSA-Q-2015-00294,Arsenic(Heavy metals)
EFSA-Q-2015-00294,Total viable aerobic count
EFSA-Q-2015-00294,Yeast and mould
EFSA-Q-2015-00294,Coliforms
EFSA-Q-2015-00294,Spore-forming bacteria
EFSA-Q-2015-00294,Escherichia coli
EFSA-Q-2015-00294,Salmonella sp.
EFSA-Q-2015-00294,Listeria
EFSA-Q-2019-00213,Particle size
EFSA-Q-2019-00213,Moisture
EFSA-Q-2019-00213,Protein
EFSA-Q-2019-00213,Lipids
EFSA-Q-2019-00213,Ash
EFSA-Q-2019-00213,Water-soluble LMW fibre
EFSA-Q-2019-00213,Water-soluble HMW fibre
EFSA-Q-2019-00213,Water-insoluble HMW fibre
EFSA-Q-2019-00213,Total fibre
EFSA-Q-2019-00213,Sugars
EFSA-Q-2019-00213,Lignin
EFSA-Q-2019-00213,Acid detergent fibre
EFSA-Q-2019-00213,Gluten
EFSA-Q-2019-00213,Total glucosinolates
EFSA-Q-2019-00213,Phytate
EFSA-Q-2019-00213,Proanthocyanidins
EFSA-Q-2019-00213,Lead(Heavy metals)
EFSA-Q-2019-00213,Arsenic(Heavy metals)
EFSA-Q-2019-00213,Cadmium(Heavy metals)
EFSA-Q-2019-00213,Mercury(Heavy metals)
EFSA-Q-2019-00213,Aluminium(Heavy metals)
EFSA-Q-2019-00213,Peroxide value in NF
EFSA-Q-2019-00213,weight
EFSA-Q-2019-00169,Sum of HiMS
EFSA-Q-2019-00169,6'-SL sodium salt
EFSA-Q-2019-00169,D-Lactose
EFSA-Q-2019-00169,Sialic acid
EFSA-Q-2019-00169,6'-sialyl-lactulose
EFSA-Q-2019-00169,Sum of other carbohydrates
EFSA-Q-2019-00169,pH
EFSA-Q-2019-00169,Water
EFSA-Q-2019-00700,Moisture
EFSA-Q-2019-00700,Protein
EFSA-Q-2019-00700,Carbohydrate
EFSA-Q-2019-00700,Sugar (Sucrose)
EFSA-Q-2019-00700,Fat
EFSA-Q-2019-00700,Polyunsaturated fat
EFSA-Q-2019-00700,Saturated Fat
EFSA-Q-2019-00700,Cholesterol
EFSA-Q-2019-00700,Omega 3
EFSA-Q-2019-00700,Omega 6
EFSA-Q-2019-00700,Omega 9
EFSA-Q-2019-00700,Fibre Crude
EFSA-Q-2019-00700,Dietary fibre
EFSA-Q-2019-00700,Ash
EFSA-Q-2019-00700,Energy
EFSA-Q-2019-00700,Peroxide Value
EFSA-Q-2019-00700,Acid value
EFSA-Q-2019-00700,Odour
EFSA-Q-2019-00700,Colour
EFSA-Q-2019-00700,Flavour
EFSA-Q-2019-00700,Texture
EFSA-Q-2019-00700,Vitamin E(Vitamins)
EFSA-Q-2019-00700,Sodium/Salt(Minerals)
EFSA-Q-2019-00700,Moulds(Microbiological Analysis)
EFSA-Q-2019-00700,Yeasts(Microbiological Analysis)
EFSA-Q-2019-00700,Escherichia coli(Microbiological Analysis)
EFSA-Q-2019-00700,Total Coliforms(Microbiological Analysis)
EFSA-Q-2019-00700,Salmonella sp.(Microbiological Analysis)
EFSA-Q-2015-00249,Appearance
EFSA-Q-2015-00249,Loss on drying
EFSA-Q-2015-00249,Assay
EFSA-Q-2015-00249,Cinnamic acid
EFSA-Q-2015-00249,Shanzhiside methyl ester
EFSA-Q-2015-00249,Nodakenin
EFSA-Q-2015-00249,Methoxsalen
EFSA-Q-2015-00249,Phenols
EFSA-Q-2015-00249,Coumarins
EFSA-Q-2015-00249,Iridoids
EFSA-Q-2015-00249,Saponins
EFSA-Q-2015-00249,Nutritive components
EFSA-Q-2015-00249,Carbohydrates
EFSA-Q-2015-00249,Proteins
EFSA-Q-2015-00249,Fats
EFSA-Q-2015-00249,Microbiological parameters
EFSA-Q-2015-00249,Total viable plate count
EFSA-Q-2015-00249,Total mould and yeast
EFSA-Q-2015-00249,Coliform bacteria
EFSA-Q-2015-00249,Salmonella
EFSA-Q-2015-00249,Escherichia coli
EFSA-Q-2015-00249,Staphylococcus aureus
EFSA-Q-2015-00249,Lead(Heavy metals)
EFSA-Q-2015-00249,Arsenic(Heavy metals)
EFSA-Q-2015-00249,Mercury(Heavy metals)
EFSA-Q-2015-00249,Cadmium(Heavy metals)
EFSA-Q-2018-00374,Appearance
EFSA-Q-2018-00374,Colour
EFSA-Q-2018-00374,Identification (2'-FL/DFL mixture)
EFSA-Q-2018-00374,"Sum of 2'-FL, DFL, lactose and fucose"
EFSA-Q-2018-00374,Sum of 2'-FL and DFL
EFSA-Q-2018-00374,2'-FL
EFSA-Q-2018-00374,DFL
EFSA-Q-2018-00374,D-Lactose
EFSA-Q-2018-00374,L-Fucose
EFSA-Q-2018-00374,2'-Fucosyl-D-lactulose
EFSA-Q-2018-00374,Sum of other carbohydrates
EFSA-Q-2018-00374,pH
EFSA-Q-2018-00374,Water
EFSA-Q-2018-00374,"Ash, sulfated"
EFSA-Q-2018-00374,Residual protein
EFSA-Q-2018-00374,Aerobic mesophilic total plate count(Microbiological Parameters)
EFSA-Q-2018-00374,Enterobacteriaceae(Microbiological Parameters)
EFSA-Q-2018-00374,Salmonella spp.(Microbiological Parameters)
EFSA-Q-2018-00374,Yeasts(Microbiological Parameters)
EFSA-Q-2018-00374,Moulds(Microbiological Parameters)
EFSA-Q-2018-00374,Residual endotoxins
EFSA-Q-2018-00796,Total selenium
EFSA-Q-2018-00796,Se-methionine
EFSA-Q-2018-00796,Protein
EFSA-Q-2018-00796,Dietary fibre
EFSA-Q-2018-00796,Sugars
EFSA-Q-2018-00796,Fat
EFSA-Q-2018-00796,Total ash
EFSA-Q-2018-00796,Water
EFSA-Q-2018-00796,Dry matter
EFSA-Q-2018-00796,Lead(Heavy metals)
EFSA-Q-2018-00796,Cadmium(Heavy metals)
EFSA-Q-2018-00796,Mercury(Heavy metals)
EFSA-Q-2018-00796,TAMC(Microbiological)
EFSA-Q-2018-00796,TYMC(Microbiological)
EFSA-Q-2018-00796,Viable Yarrowia lipolytica cells(Microbiological)
EFSA-Q-2018-00796,Coliforms(Microbiological)
EFSA-Q-2018-00796,Salmonella spp.(Microbiological)
EFSA-Q-2008-306,Glucosamine hydrochloride
EFSA-Q-2008-306,Loss on drying
EFSA-Q-2008-306,Specific rotation
EFSA-Q-2008-306,pH
EFSA-Q-2008-306,Residue on ignition
EFSA-Q-2008-306,Arsenic
EFSA-Q-2008-306,Heavy Metals
EFSA-Q-2019-00448,LnnT
EFSA-Q-2019-00448,D-Lactose
EFSA-Q-2019-00448,Lacto-N-triose II
EFSA-Q-2019-00448,Para-lacto-N-neohexaose
EFSA-Q-2019-00448,"Sum of saccharides (lacto-N-neotetraose, lactose, lacto-N-triose II, para-lacto-N-neohexaose)"
EFSA-Q-2019-00448,pH
EFSA-Q-2019-00448,Water
EFSA-Q-2019-00448,Ash
EFSA-Q-2019-00448,Residual protein
EFSA-Q-2019-00448,Aerobic mesophilic bacteria total count(Microbiological Parameters)
EFSA-Q-2019-00448,Yeasts and moulds(Microbiological Parameters)
EFSA-Q-2019-00448,Residual endotoxins(Microbiological Parameters)
EFSA-Q-2015-00749,Description
EFSA-Q-2015-00749,Odour
EFSA-Q-2015-00749,Taste
EFSA-Q-2015-00749,Solubility (water)
EFSA-Q-2015-00749,Moisture
EFSA-Q-2015-00749,pH
EFSA-Q-2015-00749,Chromatographic purity
EFSA-Q-2015-00749,Hydroxytyrosol content
EFSA-Q-2015-00749,Hydroxytyrosol acetate
EFSA-Q-2015-00749,Others
EFSA-Q-2015-00749,Acetic acid
EFSA-Q-2015-00749,Lead(Heavy metals)
EFSA-Q-2015-00749,Cadmium(Heavy metals)
EFSA-Q-2015-00749,Mercury(Heavy metals)
EFSA-Q-2015-00749,Total inorganics
EFSA-Q-2015-00749,Ethyl acetate(Residual organic solvents)
EFSA-Q-2015-00749,Isopropanol(Residual organic solvents)
EFSA-Q-2015-00749,Methanol(Residual organic solvents)
EFSA-Q-2015-00749,Tetrahydrofuran(Residual organic solvents)
EFSA-Q-2018-00373,Physical-sensorial
EFSA-Q-2018-00373,Particle size
EFSA-Q-2018-00373,Foreign matter
EFSA-Q-2018-00373,Colour
EFSA-Q-2018-00373,Chemical
EFSA-Q-2018-00373,Moisture
EFSA-Q-2018-00373,Protein
EFSA-Q-2018-00373,Fat
EFSA-Q-2018-00373,Fibre
EFSA-Q-2018-00373,Microbiology
EFSA-Q-2018-00373,Total plate count
EFSA-Q-2018-00373,Yeasts
EFSA-Q-2018-00373,Moulds
EFSA-Q-2018-00373,Staphylococcus aureus
EFSA-Q-2018-00373,Coliforms
EFSA-Q-2018-00373,Enterobacteriaceae
EFSA-Q-2018-00373,Bacillus cereus
EFSA-Q-2018-00373,Escherichia coli
EFSA-Q-2018-00373,Listeria monocytogenes
EFSA-Q-2018-00373,Salmonella
EFSA-Q-2018-00373,Contaminants
EFSA-Q-2018-00373,Arsenic(Contaminants)
EFSA-Q-2018-00373,Cadmium(Contaminants)
EFSA-Q-2018-00373,Lead(Contaminants)
EFSA-Q-2018-00373,Mercury(Contaminants)
EFSA-Q-2018-00373,Total aflatoxins(Contaminants)
EFSA-Q-2018-00373,Ochratoxin A(Contaminants)
EFSA-Q-2019-00033,Dry matter
EFSA-Q-2019-00033,Protein
EFSA-Q-2019-00033,Fat
EFSA-Q-2019-00033,Carbohydrate
EFSA-Q-2019-00033,Dietary fibre
EFSA-Q-2019-00033,Ash
EFSA-Q-2019-00033,Water content
EFSA-Q-2019-00033,Glucosinolates
EFSA-Q-2019-00033,Cadmium
EFSA-Q-2019-00033,Lead
EFSA-Q-2019-00033,Purity of the seed lot
EFSA-Q-2019-00033,Raphanus raphanistrum
EFSA-Q-2019-00033,Rumex
EFSA-Q-2019-00033,Sclerotinia sclerotiorum
EFSA-Q-2019-00033,Aflatoxin B1
EFSA-Q-2019-00033,Total aerobic plate
EFSA-Q-2019-00033,count
EFSA-Q-2019-00033,Yeasts and moulds
EFSA-Q-2019-00033,Coliforms
EFSA-Q-2019-00033,E. coli
EFSA-Q-2019-00033,Salmonella
EFSA-Q-2019-00033,Bacillus cereus
EFSA-Q-2019-00091,Appearance
EFSA-Q-2019-00091,Peroxide value
EFSA-Q-2019-00091,Fucoxanthin(Composition of the product)
EFSA-Q-2019-00091,Total Fat(Composition of the product)
EFSA-Q-2019-00091,Protein(Composition of the product)
EFSA-Q-2019-00091,Ash(Composition of the product)
EFSA-Q-2019-00091,Moisture(Composition of the product)
EFSA-Q-2019-00091,Aerobic colony count at 30°C(Microbiological parameters)
EFSA-Q-2019-00091,"Yeasts , Moulds(Microbiological parameters)"
EFSA-Q-2019-00091,Salmonella(Microbiological parameters)
EFSA-Q-2019-00091,Coagulase-positive staphylococci(Microbiological parameters)
EFSA-Q-2019-00091,Escherichia coli(Microbiological parameters)
EFSA-Q-2019-00091,Enterobacteriaceae(Microbiological parameters)
EFSA-Q-2019-00091,Ethanol(Residual solvents)
EFSA-Q-2018-00596,Appearance
EFSA-Q-2018-00596,"Identity of Trichuris species, embryonated"
EFSA-Q-2018-00596,"Identity of Trichuris suis species, embryonated"
EFSA-Q-2018-00596,Potassium sorbate
EFSA-Q-2018-00596,TSO inactive
EFSA-Q-2018-00596,Assay TSO total
EFSA-Q-2018-00596,TSO 250
EFSA-Q-2018-00596,Potency in vitro
EFSA-Q-2018-00596,Total aerobic microbial count(Microbiological quality)
EFSA-Q-2018-00596,Total yeast and mould count(Microbiological quality)
EFSA-Q-2018-00596,E. coli(Microbiological quality)
EFSA-Q-2018-00596,Enterobacteria and certain other Gram-negative bacteria(Microbiological quality)
EFSA-Q-2018-00596,Salmonella(Microbiological quality)
EFSA-Q-2018-00596,Staphylococcus aureus(Microbiological quality)
EFSA-Q-2010-00952,Description
EFSA-Q-2010-00952,Taste
EFSA-Q-2010-00952,Odour
EFSA-Q-2010-00952,Total Carbohydrate
EFSA-Q-2010-00952,"beta-glucans (1,3/1,6)"
EFSA-Q-2006-186,Physical State
EFSA-Q-2006-186,Clarity  
EFSA-Q-2006-186,Lycopene identity
EFSA-Q-2006-186,Total lycopene  
EFSA-Q-2006-186,Trans-lycopene
EFSA-Q-2006-186,Total carotenoids
EFSA-Q-2006-186,Other carotenoids
EFSA-Q-2006-186,Total tocopherols
EFSA-Q-2006-186,Unsaponifiable matter
EFSA-Q-2006-186,Total fatty acids
EFSA-Q-2006-186,Phytosterols
EFSA-Q-2006-186,Water
EFSA-Q-2006-186,Sulphated ash
EFSA-Q-2006-186,"Residual solvent (ethyl acetate, ethanol)"
EFSA-Q-2006-186,Pesticides
EFSA-Q-2006-186,Pb(Heavy metals)
EFSA-Q-2006-186,Cd(Heavy metals)
EFSA-Q-2006-186,Mo(Heavy metals)
EFSA-Q-2006-186,Ni(Heavy metals)
EFSA-Q-2006-186,Hg(Heavy metals)
EFSA-Q-2006-186,Arsenic
EFSA-Q-2006-186,Total viable count
EFSA-Q-2006-186,Moulds
EFSA-Q-2006-186,Yeasts
EFSA-Q-2006-186,Escherichia coli
EFSA-Q-2006-186,Salmonella sp
EFSA-Q-2006-186,Staphylococcus aureus(Microbiology)
EFSA-Q-2006-186,Pseudomonas(Microbiology)
EFSA-Q-2006-186,aeruginosa(Microbiology)
EFSA-Q-2006-186,Clostridium(Microbiology)
EFSA-Q-2006-186,perfringens(Microbiology)
EFSA-Q-2019-00694,Particle size
EFSA-Q-2019-00694,Ash
EFSA-Q-2019-00694,Acid-insoluble ash
EFSA-Q-2019-00694,Moisture
EFSA-Q-2019-00694,Ethanol
EFSA-Q-2019-00694,Gallic acid
EFSA-Q-2019-00694,Carbohydrate
EFSA-Q-2019-00694,Protein
EFSA-Q-2019-00694,Total fat
EFSA-Q-2019-00694,Saponin (as ardisiacripsin A)
EFSA-Q-2019-00694,Aerobic plate count
EFSA-Q-2019-00694,Yeast and mould
EFSA-Q-2019-00694,E. coli
EFSA-Q-2019-00395,Ash
EFSA-Q-2019-00395,Moisture
EFSA-Q-2019-00395,BRIX
EFSA-Q-2018-00278,Appearance
EFSA-Q-2018-00278,Water content
EFSA-Q-2018-00278,PH
EFSA-Q-2018-00278,Heat-killed
EFSA-Q-2018-00278,Mycobacterium setense
EFSA-Q-2018-00278,manresensis
EFSA-Q-2020-00806,Organoleptic
EFSA-Q-2020-00806,Taste
EFSA-Q-2020-00806,Colour
EFSA-Q-2020-00806,Appearance
EFSA-Q-2020-00806,Odour
EFSA-Q-2020-00806,Degree of hydrolysis
EFSA-Q-2020-00806,Protein (N 9 6.25)(Proximate parameters)
EFSA-Q-2020-00806,Moisture(Proximate parameters)
EFSA-Q-2020-00806,Carbohydrates(Proximate parameters)
EFSA-Q-2020-00806,Fat(Proximate parameters)
EFSA-Q-2020-00806,Ash(Proximate parameters)
EFSA-Q-2020-00806,Arsenic(Heavy metals)
EFSA-Q-2020-00806,Cadmium(Heavy metals)
EFSA-Q-2020-00806,Lead(Heavy metals)
EFSA-Q-2020-00806,Mercury(Heavy metals)
EFSA-Q-2020-00806,Aflatoxin B1(Mycotoxins)
EFSA-Q-2020-00806,"Sum of aflatoxins (B1, B2, G1, G2)(Mycotoxins)"
EFSA-Q-2020-00806,Deoxynivalenol(Mycotoxins)
EFSA-Q-2020-00806,"Fumonisins (sum of B1, B2)(Mycotoxins)"
EFSA-Q-2020-00806,Ochratoxin A(Mycotoxins)
EFSA-Q-2020-00806,Zearalenone(Mycotoxins)
EFSA-Q-2020-00806,Patulin(Mycotoxins)
EFSA-Q-2020-00806,Phytic acid(Antinutritional factors)
EFSA-Q-2020-00806,Total aerobic plate count(Microbiological)
EFSA-Q-2020-00806,Coliforms(Microbiological)
EFSA-Q-2020-00806,Yeasts and moulds(Microbiological)
EFSA-Q-2020-00806,Salmonella spp.(Microbiological)
EFSA-Q-2020-00806,Escherichia coli(Microbiological)
EFSA-Q-2020-00806,Staphylococcus aureus(Microbiological)
EFSA-Q-2020-00806,Listeria monocytogenes(Microbiological)
EFSA-Q-2020-00806,Bacillus cereus(Microbiological)
EFSA-Q-2018-00609,Isomaltulose
EFSA-Q-2018-00609,Trehalulose
EFSA-Q-2018-00609,Glucose
EFSA-Q-2018-00609,Fructose
EFSA-Q-2018-00609,Sucrose
EFSA-Q-2018-00609,Moisture
EFSA-Q-2018-00609,Ash
EFSA-Q-2018-00609,Protein
EFSA-Q-2018-00609,Lead
EFSA-Q-2018-00609,TAMC (Microbial parameters)
EFSA-Q-2018-00609,TYMC (Microbial parameters)
EFSA-Q-2018-00609,E. coli (Microbial parameters)
EFSA-Q-2018-00609,Enterobacteriaceae (Microbial parameters)
EFSA-Q-2018-00609,Salmonella (Microbial parameters)
EFSA-Q-2016-00325,Moisture
EFSA-Q-2016-00325,PACs
EFSA-Q-2016-00325,Total phenolics
EFSA-Q-2016-00325,Solubility
EFSA-Q-2016-00325,Ethanol content
EFSA-Q-2016-00325,Screen analysis
EFSA-Q-2016-00325,"Appearance , aroma"
EFSA-Q-2016-00325,Arsenic(Heavy metals)
EFSA-Q-2016-00325,Lead(Heavy metals)
EFSA-Q-2016-00325,Cadmium(Heavy metals)
EFSA-Q-2016-00325,Mercury(Heavy metals)
EFSA-Q-2015-00469,Appearance
EFSA-Q-2015-00469,Colour
EFSA-Q-2015-00469,Particle size
EFSA-Q-2015-00469,Loss on drying
EFSA-Q-2015-00469,Identification
EFSA-Q-2015-00469,Test A (absence of konjac glucomannan)
EFSA-Q-2015-00469,Test B (absence of sodium alginate)
EFSA-Q-2015-00469,Test C (absence of xanthan gum)
EFSA-Q-2015-00469,Test D (viscometric characterisation)
EFSA-Q-2015-00469,Viscosity (a) over time
EFSA-Q-2015-00469,Lead
EFSA-Q-2015-00469,Mercury
EFSA-Q-2015-00469,Cadmium
EFSA-Q-2015-00469,Arsenic
EFSA-Q-2015-00469,Pesticide residue
EFSA-Q-2015-00469,Residual solvents: ethanol
EFSA-Q-2015-00469,Microbiological parameters
EFSA-Q-2015-00469,Standard plate count
EFSA-Q-2015-00469,Yeast and mould
EFSA-Q-2015-00469,Escherichia coli
EFSA-Q-2015-00469,Salmonella spp.
EFSA-Q-2015-00469,Staphylococcus aureus
EFSA-Q-2015-00469,Pseudomonas aeruginosa
EFSA-Q-2012-00613,"Glucuronic acid, expressed as sodium hyaluronate"
EFSA-Q-2012-00613,Hyaluronic acid
EFSA-Q-2012-00613,Chondroitin sulphate A
EFSA-Q-2012-00613,Dermatan sulphate (Chondroitin sulphate B)
EFSA-Q-2012-00613,Appearance
EFSA-Q-2012-00613,pH
EFSA-Q-2012-00613,Chlorides
EFSA-Q-2012-00613,Nitrogen (Kjeldahl)
EFSA-Q-2012-00613,Protein (Lowry)
EFSA-Q-2012-00613,Loss on drying
EFSA-Q-2012-00613,Heavy metals
EFSA-Q-2012-00613,Mercury (Heavy metals)
EFSA-Q-2012-00613,Arsenic (Heavy metals)
EFSA-Q-2020-00200,Iron
EFSA-Q-2020-00200,Adipate
EFSA-Q-2020-00200,Tartrate
EFSA-Q-2020-00200,Water
EFSA-Q-2020-00200,Sodium
EFSA-Q-2020-00200,Chloride
EFSA-Q-2020-00200,Soluble (Phase distribution)
EFSA-Q-2020-00200,Nano (Phase distribution)
EFSA-Q-2020-00200,Micro (Phase distribution)
EFSA-Q-2022-00237,Energy
EFSA-Q-2022-00237,Total fat
EFSA-Q-2022-00237,Total carbohydrates
EFSA-Q-2022-00237,of which sugars
EFSA-Q-2022-00237,Fibre
EFSA-Q-2022-00237,Protein
EFSA-Q-2022-00237,Moisture (w/w)
EFSA-Q-2022-00237,Total plate count(Microbiological limits)
EFSA-Q-2022-00237,Yeast and mould(Microbiological limits)
EFSA-Q-2022-00237,Enterobacteriaceae(Microbiological limits)
EFSA-Q-2022-00237,Salmonella spp.(Microbiological limits)
EFSA-Q-2022-00237,Listeria monocytogenes(Microbiological limits)
EFSA-Q-2022-00237,Pesticides limit
EFSA-Q-2022-00237,Selenium
EFSA-Q-2022-00237,Cadmium(Heavy metals limits)
EFSA-Q-2022-00237,Lead(Heavy metals limits)
EFSA-Q-2022-00237,Arsenic(Heavy metals limits)
EFSA-Q-2022-00237,Mercury(Heavy metals limits)
EFSA-Q-2022-00237,Tin(Heavy metals limits)
EFSA-Q-2022-00237,Aflatoxins(Toxins)
EFSA-Q-2022-00237,Ochratoxin A(Toxins)
EFSA-Q-2022-00237,Citrinin(Toxins)
EFSA-Q-2022-00237,Microcystins(Toxins)
EFSA-Q-2022-00237,Acrylamide(Process contaminants)
EFSA-Q-2022-00237,The sum of PAH(Process contaminants)
EFSA-Q-2022-00237,The sum of dioxin-like PCBs(Process contaminants)
EFSA-Q-2022-00237,3-MCPD(Process contaminants)
EFSA-Q-2022-00237,Glycidyl fatty acid esters (expressed as glycidol)(Process contaminants)
EFSA-Q-2022-00237,Sum of 3-MCPD and 3-MCPD fatty acid esters (expressed as 3-MCPD)(Process contaminants)
EFSA-Q-2016-00091,Plant material
EFSA-Q-2016-00091,Appearance
EFSA-Q-2016-00091,Flavour
EFSA-Q-2016-00091,Solubility
EFSA-Q-2016-00091,Moisture
EFSA-Q-2016-00091,Aw
EFSA-Q-2016-00091,pH
EFSA-Q-2016-00091,Odour
EFSA-Q-2016-00091,"Mesh, l"
EFSA-Q-2016-00091,Protein (g/100 g)
EFSA-Q-2016-00091,Fat (g/100 g)
EFSA-Q-2016-00091,Carbohydrate (g/100 g)
EFSA-Q-2016-00091,Dietary fibre (g/100 g)
EFSA-Q-2016-00091,Total sugars (g/100 g)
EFSA-Q-2016-00091,Ash (%)
EFSA-Q-2016-00091,Hoodigosides
EFSA-Q-2016-00091,P57 (Hoodigosides)
EFSA-Q-2016-00091,L (Hoodigosides)
EFSA-Q-2016-00091,O (Hoodigosides)
EFSA-Q-2016-00091,Total Hoodigosides
EFSA-Q-2016-00091,Contaminants
EFSA-Q-2016-00091,Arsenic (Contaminants)
EFSA-Q-2016-00091,Mercury(Contaminants)
EFSA-Q-2016-00091,Cadmium(Contaminants)
EFSA-Q-2016-00091,Lead(Contaminants)
EFSA-Q-2016-00091,Microbial
EFSA-Q-2016-00091,Aerobic plate count (Microbial)
EFSA-Q-2016-00091,Escherichia coli (Microbial)
EFSA-Q-2016-00091,Staphylococcus aureus (Microbial)
EFSA-Q-2016-00091,Total coliforms (Microbial)
EFSA-Q-2016-00091,Yeast (Microbial)
EFSA-Q-2016-00091,Mould (Microbial)
EFSA-Q-2016-00091,Salmonella species (Microbial)
EFSA-Q-2016-00091,Listeria monocytogenes (Microbial)
EFSA-Q-2020-00491,Protein
EFSA-Q-2020-00491,Dietary fibre
EFSA-Q-2020-00491,Sugars
EFSA-Q-2020-00491,Fat
EFSA-Q-2020-00491,Total ash
EFSA-Q-2020-00491,Water content
EFSA-Q-2020-00491,Dry matter content
EFSA-Q-2020-00491,TAMC(Microbiological criteria)
EFSA-Q-2020-00491,TYMC(Microbiological criteria)
EFSA-Q-2020-00491,Viable Y. lipolytica cells(Microbiological criteria)
EFSA-Q-2020-00491,Coliforms(Microbiological criteria)
EFSA-Q-2020-00491,Salmonella spp.(Microbiological criteria)
EFSA-Q-2007-078b,Description
EFSA-Q-2007-078b,Solubility(Identification)
EFSA-Q-2007-078b,Appearance in 1 %(Identification)
EFSA-Q-2007-078b,chloroform solution(Identification)
EFSA-Q-2007-078b,UV-spectrometry(Identification)
EFSA-Q-2007-078b,All-trans zeaxanthin
EFSA-Q-2007-078b,Cis-zeaxanthins
EFSA-Q-2007-078b,Other carotenoids
EFSA-Q-2007-078b,Triphenylphosphine oxide
EFSA-Q-2007-078b,Lead
EFSA-Q-2007-078b,Heavy metals
EFSA-Q-2007-078b,Loss on drying
EFSA-Q-2013-00335,Appearance
EFSA-Q-2013-00335,Vitamin D2
EFSA-Q-2013-00335,Coliforms
EFSA-Q-2013-00335,E. coli
EFSA-Q-2013-00335,Salmonella
EFSA-Q-2016-00488,Appearance
EFSA-Q-2016-00488,Colour
EFSA-Q-2016-00488,Identification
EFSA-Q-2016-00488,NANA.2H2O
EFSA-Q-2016-00488,pH
EFSA-Q-2016-00488,Water
EFSA-Q-2016-00488,"Ash, sulfated"
EFSA-Q-2016-00488,Acetic acid
EFSA-Q-2016-00488,2-Propanol
EFSA-Q-2016-00488,Acetone
EFSA-Q-2016-00488,Ethyl acetate
EFSA-Q-2016-00488,Residual proteins
EFSA-Q-2016-00488,Iron
EFSA-Q-2016-00488,Lead
EFSA-Q-2016-00488,Salmonella(Microbiological specifications)
EFSA-Q-2016-00488,Aerobic mesophilic total count(Microbiological specifications)
EFSA-Q-2016-00488,Enterobacteriaceae(Microbiological specifications)
EFSA-Q-2020-00263,Appearance
EFSA-Q-2020-00263,Chemical composition
EFSA-Q-2020-00263,Zinc L-Carnosine (DM)
EFSA-Q-2020-00263,Zinc (DM)
EFSA-Q-2020-00263,Water
EFSA-Q-2020-00263,"Optical rotation [a] D (c 2, 3N HCl) (DM)"
EFSA-Q-2020-00263,Histidine
EFSA-Q-2020-00263,Other impurities
EFSA-Q-2020-00263,Total other impurities
EFSA-Q-2020-00263,Microbiological
EFSA-Q-2020-00263,Total aerobic microbial count
EFSA-Q-2020-00263,Total yeast/mould count
EFSA-Q-2015-00052,Appearance
EFSA-Q-2015-00052,Colour
EFSA-Q-2015-00052,Identification
EFSA-Q-2015-00052,2'-FL
EFSA-Q-2015-00052,D-lactose
EFSA-Q-2015-00052,L-Fucose
EFSA-Q-2013-00080,Identity
EFSA-Q-2013-00080,Identification
EFSA-Q-2013-00080,State of Solution
EFSA-Q-2013-00080,Appearance
EFSA-Q-2013-00080,pH
EFSA-Q-2013-00080,Purity
EFSA-Q-2013-00080,Citicoline assay
EFSA-Q-2013-00080,Loss on Drying
EFSA-Q-2013-00080,Ammonium
EFSA-Q-2013-00080,Heavy Metals (as Pb)
EFSA-Q-2013-00080,Arsenic (Heavy Metals)
EFSA-Q-2013-00080,Free Phosphoric Acids
EFSA-Q-2013-00080,5-Cytidylic acid
EFSA-Q-2013-00080,Microbial Specifications
EFSA-Q-2013-00080,Total Plate Count
EFSA-Q-2013-00080,Yeast and molds
EFSA-Q-2013-00080,Escherichia coli
EFSA-Q-2018-00557,Total saponins
EFSA-Q-2018-00557,Ginsenoside Rb1
EFSA-Q-2018-00557,Astragaloside I
EFSA-Q-2018-00557,Carbohydrates
EFSA-Q-2018-00557,Protein
EFSA-Q-2018-00557,Moisture
EFSA-Q-2018-00557,Ash
EFSA-Q-2018-00557,Arsenic (Contaminants)
EFSA-Q-2018-00557,Total plate count(Microbiological)
EFSA-Q-2018-00557,Total yeast and mould count(Microbiological)
EFSA-Q-2018-00557,Enterobacteriaceae(Microbiological)
EFSA-Q-2018-00557,E. coli(Microbiological)
EFSA-Q-2018-00557,Salmonella(Microbiological)
EFSA-Q-2020-00284,params = Moisture
EFSA-Q-2020-00284,Protein (w/w)
EFSA-Q-2020-00284,Ash (w/w)
EFSA-Q-2020-00284,Fat (w/w)
EFSA-Q-2020-00284,Carbohydrate (w/w)
EFSA-Q-2020-00284,Aerobic plate count(Microbiological)
EFSA-Q-2020-00284,Escherichia coli(Microbiological)
EFSA-Q-2020-00284,Coliforms(Microbiological)
EFSA-Q-2020-00284,Yeasts (CFU/g)(Microbiological)
EFSA-Q-2020-00284,Moulds (CFU/g)(Microbiological)
EFSA-Q-2020-00284,Listeria monocytogenes(Microbiological)
EFSA-Q-2020-00284,Salmonella spp.(Microbiological)
EFSA-Q-2019-00101,Moisture
EFSA-Q-2019-00101,Crude protein (N 3 6.25)
EFSA-Q-2019-00101,Fat
EFSA-Q-2019-00101,of which saturated
EFSA-Q-2019-00101,Digestible carbohydrates
EFSA-Q-2019-00101,Dietary fibre
EFSA-Q-2019-00101,Chitin
EFSA-Q-2019-00101,Peroxide value
EFSA-Q-2019-00101,Lead (Heavy metals)
EFSA-Q-2019-00101,Cadmium (Heavy metals)
EFSA-Q-2019-00101,"Aflatoxins (Sum of B1, B2, G1, G2) (Mycotoxins)"
EFSA-Q-2019-00101,Deoxynivalenol (Mycotoxins)
EFSA-Q-2019-00101,Ochratoxin A (Mycotoxins)
EFSA-Q-2019-00101,"Sum of dioxins and dl-PCBs (UB, WHO-  (*))"
EFSA-Q-2019-00101,Total aerobic colony count (Microbiological)
EFSA-Q-2019-00101,Enterobacteriaceae (presumptive) (Microbiological)
EFSA-Q-2019-00101,Escherichia coli (Microbiological)
EFSA-Q-2019-00101,Listeria monocytogenes (Microbiological)
EFSA-Q-2019-00101,Salmonella spp. (Microbiological)
EFSA-Q-2019-00101,Bacillus cereus (presumptive) (Microbiological)
EFSA-Q-2019-00101,Coagulase-positive staphylococci (Microbiological)
EFSA-Q-2019-00101,Sulfite-reducing anaerobes (Microbiological)
EFSA-Q-2019-00101,Yeasts and Moulds (Microbiological)
EFSA-Q-2009-00750,CLA
EFSA-Q-2009-00750,Monoglycerides
EFSA-Q-2009-00750,Diglycerides
EFSA-Q-2009-00750,Triglycerides
EFSA-Q-2009-00750,Fatty acid composition CLA (C18 :2)
EFSA-Q-2009-00750,"CLA c9,t11 isomer"
EFSA-Q-2009-00750,"CLA t10,c12 isomer"
EFSA-Q-2009-00750,"Sum CLA t,t isomers"
EFSA-Q-2009-00750,"Sum CLA c,c isomers"
EFSA-Q-2009-00750,"CLA c11,t13 isomer"
EFSA-Q-2009-00750,Oleic acid
EFSA-Q-2009-00750,Palmitic acid
EFSA-Q-2009-00750,Stearic acid
EFSA-Q-2018-00995,Wolffia (W)/Lemna (L) (Species identity)
EFSA-Q-2018-00995,Moisture
EFSA-Q-2018-00995,Crude protein
EFSA-Q-2018-00995,Fat
EFSA-Q-2018-00995,Ash
EFSA-Q-2018-00995,Carbohydrates
EFSA-Q-2018-00995,Dietary fibre
EFSA-Q-2018-00995,Soluble fibre
EFSA-Q-2018-00995,Insoluble fibre
EFSA-Q-2018-00995,Oxalic acid
EFSA-Q-2018-00995,b-Carotene
EFSA-Q-2018-00995,Boron
EFSA-Q-2018-00995,Copper
EFSA-Q-2018-00995,Iron
EFSA-Q-2018-00995,Manganese
EFSA-Q-2018-00995,Molybdenum
EFSA-Q-2018-00995,Zinc
EFSA-Q-2018-00995,Microcystins
EFSA-Q-2018-00995,Nitrate
EFSA-Q-2018-00995,Cadmium
EFSA-Q-2018-00995,Lead
EFSA-Q-2018-00995,Mercury
EFSA-Q-2018-00995,Arsenic
EFSA-Q-2018-00995,Aerobic plate count
EFSA-Q-2018-00995,Salmonella
EFSA-Q-2018-00995,E. coli
EFSA-Q-2018-00995,Listeria spp.
EFSA-Q-2018-00995,Clostridium perfringens
EFSA-Q-2018-00995,Coliforms
EFSA-Q-2018-00995,Yeasts
EFSA-Q-2018-00995,Moulds
EFSA-Q-2016-00659,Identity
EFSA-Q-2016-00659,Appearance
EFSA-Q-2016-00659,Purity
EFSA-Q-2016-00659,UV absorbance (A322/A259)
EFSA-Q-2016-00659,UV absorbance (A233/A259)
EFSA-Q-2016-00659,Moisture
EFSA-Q-2016-00659,Ethanol(Residual solvent)
EFSA-Q-2016-00659,Lead(Heavy metals)
EFSA-Q-2016-00659,Arsenic(Heavy metals)
EFSA-Q-2016-00659,Total viable cell count(Microbiological specifications)
EFSA-Q-2016-00659,Coliforms(Microbiological specifications)
EFSA-Q-2016-00659,Fungi(Microbiological specifications)
EFSA-Q-2016-00659,Hyphomicrobium denitrificans(Microbiological specifications)
EFSA-Q-2018-00480,Colour
EFSA-Q-2018-00480,Form
EFSA-Q-2018-00480,Identification
EFSA-Q-2018-00480,Nicotinamide riboside chloride
EFSA-Q-2018-00480,Water
EFSA-Q-2018-00480,Acetone(Residual solvents)
EFSA-Q-2018-00480,Methanol(Residual solvents)
EFSA-Q-2018-00480,Acetonitrile(Residual solvents)
EFSA-Q-2018-00480,Methyl tert-butyl ether(Residual solvents)
EFSA-Q-2018-00480,Methyl acetate(Reaction by-products)
EFSA-Q-2018-00480,Acetamide(Reaction by-products)
EFSA-Q-2018-00480,Acetic acid(Reaction by-products)
EFSA-Q-2020-00488,Moisture
EFSA-Q-2020-00488,Ash
EFSA-Q-2020-00488,Proteins
EFSA-Q-2020-00488,Fats
EFSA-Q-2020-00488,Carbohydrates
EFSA-Q-2020-00488,Non-digestible carbohydrates
EFSA-Q-2020-00488,Total sugars
EFSA-Q-2020-00488,Fructose
EFSA-Q-2020-00488,Glucose
EFSA-Q-2020-00488,Total phenols
EFSA-Q-2020-00488,Malic acid
EFSA-Q-2017-00665,Moisture
EFSA-Q-2017-00665,Dry material (%)
EFSA-Q-2017-00665,Protein
EFSA-Q-2017-00665,Ash
EFSA-Q-2017-00665,pH
EFSA-Q-2017-00665,Total carbohydrate content
EFSA-Q-2017-00665,XOS content (dry basis)
EFSA-Q-2018-00223,Protein
EFSA-Q-2018-00223,Dietary fibre
EFSA-Q-2018-00223,Saccharides
EFSA-Q-2018-00223,Fat
EFSA-Q-2018-00223,Total ash
EFSA-Q-2018-00223,Water content
EFSA-Q-2018-00223,Dry matter content
EFSA-Q-2020-00655,Protein
EFSA-Q-2020-00655,Dietary fibre
EFSA-Q-2020-00655,Sugars
EFSA-Q-2020-00655,Fat
EFSA-Q-2020-00655,Total ash
EFSA-Q-2020-00655,Water content
EFSA-Q-2020-00655,Dry matter content
EFSA-Q-2020-00655,Microbiological criteria
EFSA-Q-2020-00655,TAMC
EFSA-Q-2020-00655,TYMC
EFSA-Q-2020-00655,Viable Yarrowia lipolytica cells
EFSA-Q-2020-00655,Coliforms
EFSA-Q-2020-00655,Salmonella spp.
EFSA-Q-2019-00121,Moisture
EFSA-Q-2019-00121,Crude protein (N 3 6.25)
EFSA-Q-2019-00121,Fat
EFSA-Q-2019-00121,Saturated Fat
EFSA-Q-2019-00121,Digestible carbohydrates
EFSA-Q-2019-00121,Peroxide value
EFSA-Q-2019-00121,Dietary fibre
EFSA-Q-2019-00121,Chitin
EFSA-Q-2019-00121,Lead(Heavy metals)
EFSA-Q-2019-00121,Cadmium(Heavy metals)
EFSA-Q-2019-00121,"Aflatoxins (Sum of B1, B2, G1, G2)(Mycotoxins)"
EFSA-Q-2019-00121,Deoxynivalenol(Mycotoxins)
EFSA-Q-2019-00121,Ochratoxin A(Mycotoxins)
EFSA-Q-2019-00121,Sum of dioxins and dl-PCBs
EFSA-Q-2019-00121,Total aerobic colony count(Microbiological)
EFSA-Q-2019-00121,Enterobacteriaceae (presumptive)(Microbiological)
EFSA-Q-2019-00121,Escherichia coli(Microbiological)
EFSA-Q-2019-00121,Listeria monocytogenes(Microbiological)
EFSA-Q-2019-00121,Salmonella spp.(Microbiological)
EFSA-Q-2019-00121,Bacillus cereus (presumptive)(Microbiological)
EFSA-Q-2019-00121,Coagulase positive -staphylococci(Microbiological)
EFSA-Q-2019-00121,Sulfite-reducing anaerobes(Microbiological)
EFSA-Q-2019-00121,Yeasts and Moulds(Microbiological)
EFSA-Q-2018-00542,Moisture (Physico-chemical parameters)
EFSA-Q-2018-00542,Total fat (Physico-chemical parameters)
EFSA-Q-2018-00542,Total protein (Physico-chemical parameters)
EFSA-Q-2018-00542,Carbohydrates (Physico-chemical parameters)
EFSA-Q-2018-00542,Total fibre (Physico-chemical parameters)
EFSA-Q-2018-00542,Ash (Physico-chemical parameters)
EFSA-Q-2018-00542,Phorbol esters (PEs) (Contaminants)
EFSA-Q-2018-00542,Lead (Contaminants)
EFSA-Q-2018-00542,Cadmium (Contaminants)
EFSA-Q-2018-00542,"Sum aflatoxins B1, B2, G1, G2 (Contaminants)"
EFSA-Q-2018-00542,Total aerobic microbial count (Microbiological)
EFSA-Q-2018-00542,Total yeast/moulds count (Microbiological)
EFSA-Q-2018-00542,Enterobacteriaceae (Microbiological)
EFSA-Q-2018-00542,Salmonella spp. (Microbiological)
EFSA-Q-2018-00542,Listeria monocytogenes (Microbiological)
EFSA-Q-2017-00461,Appearance
EFSA-Q-2017-00461,Specific rotation [a] D 25
EFSA-Q-2017-00461,D-ribose purity
EFSA-Q-2017-00461,Ash
EFSA-Q-2017-00461,Loss on drying (moisture)
EFSA-Q-2017-00461,Clarity of solution
EFSA-Q-2017-00461,Lead(Heavy metals)
EFSA-Q-2017-00461,Arsenic(Heavy metals)
EFSA-Q-2017-00461,Cadmium(Heavy metals)
EFSA-Q-2017-00461,Mercury(Heavy metals)
EFSA-Q-2017-00679,Total dry matter
EFSA-Q-2017-00679,Peptides
EFSA-Q-2017-00679,Peptides with molecular weight < 2 kDa
EFSA-Q-2017-00679,Fat
EFSA-Q-2017-00679,Carbohydrates
EFSA-Q-2017-00679,Ash
EFSA-Q-2017-00679,Calcium (Ca)
EFSA-Q-2017-00679,Potassium (K)
EFSA-Q-2017-00679,Sodium (Na)
EFSA-Q-2017-00679,Arsenic (Inorganic)
EFSA-Q-2017-00679,Arsenic (Oragnic)
EFSA-Q-2017-00679,Cadmium (Chemical purity)
EFSA-Q-2017-00679,Lead (Chemical purity)
EFSA-Q-2017-00679,Total mercury (Chemical purity)
EFSA-Q-2017-00679,Total viable count (Microbial Purity)
EFSA-Q-2017-00679,Salmonella (Microbial Purity)
EFSA-Q-2017-00679,Listeria monocytogenes (Microbial Purity)
EFSA-Q-2017-00679,Escherichia coli (Microbial Purity)
EFSA-Q-2017-00679,Coagulase positive Staphylococcus aureus (Microbial Purity)
EFSA-Q-2017-00679,Pseudomonas aeruginosa (Microbial Purity)
EFSA-Q-2017-00679,Yeast and moulds (Microbial Purity)
EFSA-Q-2013-00231,Protein (N × 6.25)
EFSA-Q-2013-00231,Soluble protein
EFSA-Q-2013-00231,Moisture
EFSA-Q-2013-00231,Carbohydrates
EFSA-Q-2013-00231,Fat
EFSA-Q-2013-00231,Ash
EFSA-Q-2013-00231,Fibre
EFSA-Q-2013-00231,Total glucosinolate
EFSA-Q-2013-00231,Total phytate
EFSA-Q-2013-00231,Lead
EFSA-Q-2013-00231,Aerobic bacteria count
EFSA-Q-2013-00231,E. coli
EFSA-Q-2013-00231,Salmonella
EFSA-Q-2013-00231,Total coliform count
EFSA-Q-2013-00231,Yeast and mold count
EFSA-Q-2021-00194,Visual
EFSA-Q-2021-00194,Odour and taste
EFSA-Q-2021-00194,Moisture (RH)
EFSA-Q-2021-00194,Water Activity (aw)
EFSA-Q-2021-00194,Carbohydrates
EFSA-Q-2021-00194,Dietary fibre
EFSA-Q-2021-00194,Proteins
EFSA-Q-2021-00194,Fat
EFSA-Q-2021-00194,Caffeine
EFSA-Q-2021-00194,Total chlorogenic acids
EFSA-Q-2021-00194,Epigallocatechin gallate (EGCG) -on infusion
EFSA-Q-2021-00194,Pesticide residue(Pesticides)
EFSA-Q-2021-00194,Ochratoxin A(Mycotoxins)
EFSA-Q-2021-00194,Aflatoxin B1(Mycotoxins)
EFSA-Q-2021-00194,Copper(Heavy metals)
EFSA-Q-2021-00194,Mercury(Heavy metals)
EFSA-Q-2021-00194,Lead(Heavy metals)
EFSA-Q-2021-00194,Arsenic(Heavy metals)
EFSA-Q-2021-00194,Cadmium(Heavy metals)
EFSA-Q-2021-00194,Aerobic plate count (30°C)(Microbiological parameters)
EFSA-Q-2021-00194,Yeast(Microbiological parameters)
EFSA-Q-2021-00194,Moulds(Microbiological parameters)
EFSA-Q-2021-00194,E. coli β -glucuronidase positive(Microbiological parameters)
EFSA-Q-2003-075,Total phytosterols
EFSA-Q-2003-075,Major phytosterols
EFSA-Q-2003-075,β-Sitosterol
EFSA-Q-2003-075,β-Sitostanol
EFSA-Q-2003-075,Campesterol
EFSA-Q-2003-075,Campestanol
EFSA-Q-2003-075,Stigmasterol
EFSA-Q-2003-075,Brassicasterol
EFSA-Q-2003-075,Total vitamin K2
EFSA-Q-2005-179,Acid value
EFSA-Q-2005-179,Peroxide value
EFSA-Q-2018-00601,Vitamin D 2
EFSA-Q-2018-00601,Moisture
EFSA-Q-2018-00601,Ash
EFSA-Q-2018-00601,Particle size
EFSA-Q-2018-00601,Appearance
EFSA-Q-2018-00601,Standard plate count(Microbiological parameters)
EFSA-Q-2018-00601,Yeast(Microbiological parameters)
EFSA-Q-2018-00601,Mould(Microbiological parameters)
EFSA-Q-2018-00601,Salmonella(Microbiological parameters)
EFSA-Q-2018-00601,Staphylococcus aureus(Microbiological parameters)
EFSA-Q-2018-00601,Escherichia coli(Microbiological parameters)
EFSA-Q-2018-00601,Coliform(Microbiological parameters)
EFSA-Q-2018-00601,Enterobacteriaceae(Microbiological parameters)
EFSA-Q-2018-00601,Listeria monocytogenes(Microbiological parameters)
EFSA-Q-2019-00204,Sum of HiMS
EFSA-Q-2019-00204,3'-SL sodium salt
EFSA-Q-2019-00204,D-Lactose
EFSA-Q-2019-00204,Sialic acid
EFSA-Q-2019-00204,3'-sialyl-lactulose
EFSA-Q-2019-00204,Sum of other carbohydrates
EFSA-Q-2019-00204,pH
EFSA-Q-2019-00204,Water
EFSA-Q-2019-00204,Sodium
EFSA-Q-2019-00204,Chloride by IC
EFSA-Q-2019-00204,Residual protein
EFSA-Q-2019-00204,Aerobic mesophilic total plate count(Microbiological parameters)
EFSA-Q-2019-00204,Enterobacteriaceae(Microbiological parameters)
EFSA-Q-2019-00204,Salmonella spp.(Microbiological parameters)
EFSA-Q-2019-00204,Yeasts(Microbiological parameters)
EFSA-Q-2019-00204,Moulds(Microbiological parameters)
EFSA-Q-2019-00204,Residual endotoxins(Microbiological parameters)
EFSA-Q-2007-119,Synthetic crystalline lycopene
EFSA-Q-2007-119,Gelatin
EFSA-Q-2007-119,Sucrose
EFSA-Q-2007-119,Native corn starch
EFSA-Q-2007-119,Sodium ascorbate
EFSA-Q-2007-119,"d,l-α-tocopherol (E307)"
EFSA-Q-2007-119,Ascorbyl palmitate (E304)
EFSA-Q-2007-119,Tri-calcium phosphate (E341)
EFSA-Q-2007-119,Water
EFSA-Q-2019-00043,Total carbohydrates
EFSA-Q-2019-00043,b-glucan
EFSA-Q-2019-00043,Protein
EFSA-Q-2019-00043,Fat
EFSA-Q-2019-00043,Ash
EFSA-Q-2019-00043,Moisture
EFSA-Q-2019-00043,Lead(Heavy metals)
EFSA-Q-2019-00043,Cadmium(Heavy metals)
EFSA-Q-2019-00043,Mercury(Heavy metals)
EFSA-Q-2019-00043,Arsenic(Heavy metals)
EFSA-Q-2019-00043,Aerobic plate count(Microbiological)
EFSA-Q-2019-00043,Coliforms(Microbiological)
EFSA-Q-2019-00043,Yeast and mould(Microbiological)
EFSA-Q-2019-00043,Escherichia coli(Microbiological)
EFSA-Q-2019-00043,Staphylococcus aureus(Microbiological)
EFSA-Q-2019-00043,Salmonella(Microbiological)
EFSA-Q-2019-00043,Listeria monocytogenes(Microbiological)
EFSA-Q-2018-00103,'Total nitrogen-containing compounds
EFSA-Q-2018-00103,Collagen
EFSA-Q-2018-00103,Elastin
EFSA-Q-2018-00103,Total glycosaminoglycans
EFSA-Q-2018-00103,Calcium
EFSA-Q-2018-00103,pH
EFSA-Q-2018-00103,Ash
EFSA-Q-2018-00103,Moisture
EFSA-Q-2018-00103,Water activity
EFSA-Q-2018-00103,Solubility (in water)
EFSA-Q-2018-00103,Bulk density
EFSA-Q-2018-00103,Arsenic(Heavy metals)
EFSA-Q-2018-00103,Aerobic plate count
EFSA-Q-2018-00103,Escherichia coli
EFSA-Q-2018-00103,Salmonella
EFSA-Q-2018-00103,Coliforms
EFSA-Q-2018-00103,Staphylococcus aureus
EFSA-Q-2018-00103,Mesophilic spore count
EFSA-Q-2018-00103,Thermophilic spore count'
EFSA-Q-2011-00990,Appearance
EFSA-Q-2011-00990,Odour
EFSA-Q-2011-00990,Particle size
EFSA-Q-2011-00990,Astaxanthin
EFSA-Q-2011-00990,Moisture
EFSA-Q-2011-00990,Pb(Heavy metals)
EFSA-Q-2011-00990,"Total Pb, As, Cd, Hg(Heavy metals)"
EFSA-Q-2011-00990,Total plate count(Microbiological specifications)
EFSA-Q-2011-00990,"Mould,yeast(Microbiological specifications)"
EFSA-Q-2011-00990,Enterococcus(Microbiological specifications)
EFSA-Q-2011-00990,Enterobacteriaceae(Microbiological specifications)
EFSA-Q-2011-00990,Escherichia coli(Microbiological specifications)
EFSA-Q-2011-00990,Staphylococcus aureus(Microbiological specifications)
EFSA-Q-2019-00115,Moisture
EFSA-Q-2019-00115,Crude protein
EFSA-Q-2019-00115,Fat
EFSA-Q-2019-00115,Saturated fatty acids
EFSA-Q-2019-00115,Digestible carbohydrates
EFSA-Q-2019-00115,Dietary fibre
EFSA-Q-2019-00115,Chitin
EFSA-Q-2019-00115,Peroxide value
EFSA-Q-2019-00115,Lead(Heavy metals)
EFSA-Q-2019-00115,Cadmium(Heavy metals)
EFSA-Q-2019-00115,"Aflatoxins (Sum of B1, B2, G1, G2)(Mycotoxins)"
EFSA-Q-2019-00115,Deoxynivalenol(Mycotoxins)
EFSA-Q-2019-00115,Ochratoxin A(Mycotoxins)
EFSA-Q-2019-00115,Sum of dioxins and dioxins-like PCBs(Processing contaminants)
EFSA-Q-2019-00115,UB (WHO 2005 PCDD/F-PCB-TEQ)(Processing contaminants)
EFSA-Q-2019-00115,Total aerobic colony count(Microbiological)
EFSA-Q-2019-00115,Enterobacteriaceae (presumptive)(Microbiological)
EFSA-Q-2019-00115,Escherichia coli(Microbiological)
EFSA-Q-2019-00115,Listeria monocytogenes(Microbiological)
EFSA-Q-2019-00115,Salmonella spp.(Microbiological)
EFSA-Q-2019-00115,Bacillus cereus (presumptive)(Microbiological)
EFSA-Q-2019-00115,Coagulase positive Staphylococci(Microbiological)
EFSA-Q-2019-00115,Sulfite-reducing Anaerobes(Microbiological)
EFSA-Q-2019-00115,Yeasts and moulds(Microbiological)
EFSA-Q-2014-00232,Appearance
EFSA-Q-2014-00232,trans-Resveratrol
EFSA-Q-2014-00232,Total by-products (related substances)
EFSA-Q-2014-00232,Pinostilbene
EFSA-Q-2014-00232,Pinostilbene isomers
EFSA-Q-2014-00232,Pterostilbene
EFSA-Q-2014-00232,2-Methylresveratrol
EFSA-Q-2014-00232,3-Methylresveratrol
EFSA-Q-2014-00232,'Homo'-resveratrol
EFSA-Q-2014-00232,Unknown impurities
EFSA-Q-2014-00232,Heavy metals
EFSA-Q-2014-00232,Lead(Heavy metals)
EFSA-Q-2014-00232,Mercury(Heavy metals)
EFSA-Q-2014-00232,Cadmium(Heavy metals)
EFSA-Q-2014-00232,Arsenic(Heavy metals)
EFSA-Q-2014-00232,Loss on drying
EFSA-Q-2014-00232,Sulfated ash
EFSA-Q-2014-00232,Diisopropylamine
EFSA-Q-2014-00232,Microbiological purity
EFSA-Q-2021-00053,Nutrient profile
EFSA-Q-2021-00053,Fat
EFSA-Q-2021-00053,Protein
EFSA-Q-2021-00053,Dietary fibre
EFSA-Q-2021-00053,TPC cfu/g(Microbiological parameters)
EFSA-Q-2021-00053,Yeast/mould cfu/g(Microbiological parameters)
EFSA-Q-2021-00053,Enterobacteriaceae cfu/g(Microbiological parameters)
EFSA-Q-2021-00053,Coliforms cfu/g(Microbiological parameters)
EFSA-Q-2021-00053,E. coli(Microbiological parameters)
EFSA-Q-2021-00053,Salmonella(Microbiological parameters)
EFSA-Q-2021-00053,Listeria monocytogenes(Microbiological parameters)
EFSA-Q-2021-00053,Staphylococcus aureus(Microbiological parameters)
EFSA-Q-2021-00053,Lead (Metals)
EFSA-Q-2021-00053,Arsenic(Metals)
EFSA-Q-2021-00053,Mercury(Metals)
EFSA-Q-2019-00047,Moisture
EFSA-Q-2019-00047,Protein (N 9 6.25)
EFSA-Q-2019-00047,Ash
EFSA-Q-2019-00047,Fat
EFSA-Q-2019-00047,Fibre
EFSA-Q-2019-00047,Carotenoids
EFSA-Q-2019-00047,b-Carotene
EFSA-Q-2019-00047,Phylloquinone(Vitamins)
EFSA-Q-2019-00047,Boron(Minerals)
EFSA-Q-2019-00047,Copper(Minerals)
EFSA-Q-2019-00047,Molybdenum(Minerals)
EFSA-Q-2019-00047,Iron(Minerals)
EFSA-Q-2019-00047,Zinc(Minerals)
EFSA-Q-2019-00047,Manganese(Minerals)
EFSA-Q-2019-00047,Arsenic(Heavy metals)
EFSA-Q-2019-00047,Lead(Heavy metals)
EFSA-Q-2019-00047,Cadmium(Heavy metals)
EFSA-Q-2019-00047,Mercury(Heavy metals)
EFSA-Q-2019-00047,Oxalic acid(Antinutritional factors)
EFSA-Q-2019-00047,Lysino-alanine(Contaminants)
EFSA-Q-2019-00047,"Cyanotoxins (Microcystins-, Nodularin)(Contaminants)"
EFSA-Q-2019-00047,Nitrate(Contaminants)
EFSA-Q-2019-00047,Total colony count(Microbiological)
EFSA-Q-2019-00047,Bacillus cereus(Microbiological)
EFSA-Q-2019-00047,Clostridium perfringens(Microbiological)
EFSA-Q-2019-00047,Coagulase-positive(Staphylococci)(Microbiological)
EFSA-Q-2019-00047,Escherichia coli(Microbiological)
EFSA-Q-2019-00047,Enterobacteriaceae(Microbiological)
EFSA-Q-2019-00047,Listeria monocytogenes(Microbiological)
EFSA-Q-2019-00047,Salmonella spp.(Microbiological)
EFSA-Q-2022-00588,Fat
EFSA-Q-2022-00588,Protein
EFSA-Q-2022-00588,Carbohydrates
EFSA-Q-2022-00588,Fibre
EFSA-Q-2022-00588,Ash
EFSA-Q-2022-00588,Specification of Carotenoids
EFSA-Q-2019-00128,Moisture
EFSA-Q-2019-00128,Ash
EFSA-Q-2019-00128,Crude fibre
EFSA-Q-2019-00128,Crude lipid
EFSA-Q-2019-00128,Crude protein
EFSA-Q-2019-00128,Carbohydrate
EFSA-Q-2019-00128,Energy value
EFSA-Q-2018-00262,Moisture
EFSA-Q-2018-00262,Crude protein (N 3 6.25)
EFSA-Q-2018-00262,Digestible
EFSA-Q-2018-00262,Carbohydrates
EFSA-Q-2018-00262,Fat
EFSA-Q-2018-00104,Appearance
EFSA-Q-2018-00104,Foreign matter
EFSA-Q-2018-00104,pH (5% solution w/v)
EFSA-Q-2018-00104,Total Protein
EFSA-Q-2018-00104,Lactoferrin
EFSA-Q-2018-00104,Lactoperoxidase
EFSA-Q-2018-00104,TGF-b2
EFSA-Q-2018-00104,Moisture
EFSA-Q-2018-00104,Lactose
EFSA-Q-2018-00104,Fat
EFSA-Q-2018-00104,Ash
EFSA-Q-2018-00104,Iron
EFSA-Q-2018-00104,Lead(Heavy metals)
EFSA-Q-2018-00104,Cadmium(Heavy metals)
EFSA-Q-2018-00104,Mercury(Heavy metals)
EFSA-Q-2018-00104,Arsenic(Heavy metals)
EFSA-Q-2018-00104,Aerobic mesophilic count(Microbiological specifications)
EFSA-Q-2018-00104,Enterobacteriaceae(Microbiological specifications)
EFSA-Q-2018-00104,Yeasts(Microbiological specifications)
EFSA-Q-2018-00104,Moulds(Microbiological specifications)
EFSA-Q-2018-00104,Escherichia coli(Microbiological specifications)
EFSA-Q-2018-00104,Coagulase positive Staphylococci(Microbiological specifications)
EFSA-Q-2018-00104,Salmonella(Microbiological specifications)
EFSA-Q-2018-00104,Listeria(Microbiological specifications)
EFSA-Q-2018-00104,Cronobacter spp.(Microbiological specifications)
EFSA-Q-2019-00812,Appearance
EFSA-Q-2019-00812,Identification
EFSA-Q-2019-00812,Loss on drying
EFSA-Q-2019-00812,Particle size
EFSA-Q-2019-00812,Sulfated ash
EFSA-Q-2019-00812,Echinacoside
EFSA-Q-2019-00812,Phenylethanoid glycosides
EFSA-Q-2019-00812,Arsenic(Heavy metals)
EFSA-Q-2019-00812,Lead(Heavy metals)
EFSA-Q-2019-00812,Mercury(Heavy metals)
EFSA-Q-2019-00812,Cadmium(Heavy metals)
EFSA-Q-2013-00232,Colour
EFSA-Q-2013-00232,Odour and taste
EFSA-Q-2013-00232,Refractive index (at 20°C)
EFSA-Q-2013-00232,Acid value
EFSA-Q-2013-00232,Peroxide value
EFSA-Q-2013-00232,Iodine value
EFSA-Q-2013-00232,Saponification value
EFSA-Q-2013-00232,Unsaponifiable matter
EFSA-Q-2013-00232,Palmitic acid (C16:0)(Composition of Fatty Acids)
EFSA-Q-2013-00232,Stearic acid (C18:0)(Composition of Fatty Acids)
EFSA-Q-2013-00232,Petroselinic acid (cis-C18:1(n-12))(Composition of Fatty Acids)
EFSA-Q-2013-00232,Oleic acid (cis-C18:1(n-9))(Composition of Fatty Acids)
EFSA-Q-2013-00232,Odour and taste
EFSA-Q-2013-00232,Refractive index (at 20°C)
EFSA-Q-2013-00232,Acid value
EFSA-Q-2013-00232,Peroxide value
EFSA-Q-2013-00232,Iodine Value
EFSA-Q-2013-00232,Saponification value
EFSA-Q-2013-00232,Unsaponifiable matter
EFSA-Q-2013-00232,Palmitic acid (C16:0)(Composition of Fatty Acids)
EFSA-Q-2013-00232,Stearic acid (C18:0)(Composition of Fatty Acids)
EFSA-Q-2013-00232,Petroselinic acid (cis-C18:1(n-12))(Composition of Fatty Acids)
EFSA-Q-2013-00232,Oleic acid (cis-C18:1(n-9))(Composition of Fatty Acids)
EFSA-Q-2021-00551,Physical-sensorial
EFSA-Q-2021-00551,Foreign matter
EFSA-Q-2021-00551,Particle size
EFSA-Q-2021-00551,Chemical composition
EFSA-Q-2021-00551,Moisture
EFSA-Q-2021-00551,Protein
EFSA-Q-2021-00551,Fat
EFSA-Q-2021-00551,Fibre
EFSA-Q-2021-00551,Microbiological criteria
EFSA-Q-2021-00551,Total plate count
EFSA-Q-2021-00551,Yeasts
EFSA-Q-2021-00551,Mould
EFSA-Q-2021-00551,Staphylococcus aureus
EFSA-Q-2021-00551,Coliforms
EFSA-Q-2021-00551,Enterobacteriaceae
EFSA-Q-2021-00551,Bacillus cereus
EFSA-Q-2021-00551,Escherichia coli
EFSA-Q-2021-00551,Listeria monocytogenes
EFSA-Q-2021-00551,Salmonella spp.
EFSA-Q-2021-00551,Arsenic(Heavy metals)
EFSA-Q-2021-00551,Cadmium(Heavy metals)
EFSA-Q-2021-00551,Lead(Heavy metals)
EFSA-Q-2021-00551,Mercury(Heavy metals)
EFSA-Q-2021-00551,Mycotoxins
EFSA-Q-2021-00551,Total aflatoxins
EFSA-Q-2021-00551,Ochratoxin
EFSA-Q-2018-00282,Appearance
EFSA-Q-2018-00282,Moisture
EFSA-Q-2018-00282,Crude protein (N 3 6.25)
EFSA-Q-2018-00282,Fat
EFSA-Q-2018-00282,Digestible carbohydrates
EFSA-Q-2018-00282,Dietary fibre
EFSA-Q-2018-00282,Chitin
EFSA-Q-2018-00282,Ash
EFSA-Q-2018-00282,Peroxide value
EFSA-Q-2018-00282,Lead(Heavy metals)
EFSA-Q-2018-00282,Cadmium(Heavy metals)
EFSA-Q-2018-00282,Copper(Minerals)
EFSA-Q-2018-00282,Manganese(Minerals)
EFSA-Q-2018-00282,Zinc(Minerals)
EFSA-Q-2018-00282,Aflatoxin B1(Mycotoxins)
EFSA-Q-2018-00282,"Aflatoxins (Sum of B1, B2, G1, G2)(Mycotoxins)"
EFSA-Q-2018-00282,Deoxynivalenol(Mycotoxins)
EFSA-Q-2018-00282,Ochratoxin A(Mycotoxins)
EFSA-Q-2018-00282,Total aerobic colony count(Microbiological)
EFSA-Q-2018-00282,Enterobacteriaceae(Microbiological)
EFSA-Q-2018-00282,Escherichia coli(Microbiological)
EFSA-Q-2018-00282,Listeria monocytogenes(Microbiological)
EFSA-Q-2018-00282,Salmonella spp.(Microbiological)
EFSA-Q-2018-00282,Bacillus cereus(Microbiological)
EFSA-Q-2018-00282,Coagulase-positive staphylococci(Microbiological)
EFSA-Q-2018-00282,Sulfite-reducing anaerobes(Microbiological)
EFSA-Q-2018-00282,Yeasts and Moulds(Microbiological)
EFSA-Q-2020-00538,Insolubility index(mL)
EFSA-Q-2020-00538,pH
EFSA-Q-2020-00538,Protein 'as is' (N 9 6.38)
EFSA-Q-2020-00538,Protein in DM (1) (N 9 6.38)
EFSA-Q-2020-00538,BLG (% of protein)
EFSA-Q-2020-00538,Lactose
EFSA-Q-2020-00538,Fat
EFSA-Q-2020-00538,Ash
EFSA-Q-2020-00538,Moisture
EFSA-Q-2020-00538,Calcium (Minerals)
EFSA-Q-2020-00538,Chloride (Minerals)
EFSA-Q-2020-00538,Magnesium (Minerals)
EFSA-Q-2020-00538,Phosphorus (Minerals)
EFSA-Q-2020-00538,Potassium (Minerals)
EFSA-Q-2020-00538,"Sodium (Minerals),"
EFSA-Q-2020-00538,Cadmium (Contaminants)
EFSA-Q-2020-00538,Lead (Contaminants)
EFSA-Q-2020-00538,Mercury (Contaminants)
EFSA-Q-2020-00538,Aflatoxin M1 (Contaminants)
EFSA-Q-2020-00538,Total plate count (Microbial parameters)
EFSA-Q-2020-00538,Yeast and mould (Microbial parameters)
EFSA-Q-2020-00538,Enterobacteriaceae (Microbial parameters)
EFSA-Q-2020-00538,Salmonella (Microbial parameters)
EFSA-Q-2020-00538,B. cereus (Microbial parameters)
EFSA-Q-2020-00538,L. monocytogenes (Microbial parameters)
EFSA-Q-2020-00538,S. aureus (Microbial parameters)
EFSA-Q-2020-00538,Sulfite-reducing clostridia (Microbial parameters)
EFSA-Q-2014-00862,Appearance
EFSA-Q-2014-00862,Colour
EFSA-Q-2014-00862,Identification
EFSA-Q-2014-00862,LNnT (water free)
EFSA-Q-2014-00862,D-Lactose
